{"cameraMode":{"drawMode":0,"name":"Shaded","section":"Shading Mode"},"sceneLighting":false,"audioPlay":false,"sceneViewState":{"showFog":true,"showMaterialUpdate":false,"showSkybox":false,"showFlares":true,"showImageEffects":true,"showParticleSystems":true},"in2DMode":false,"pivot":{"x":1.7995882034301758,"y":0.9173967838287354,"z":-5.005193710327148},"rotation":{"x":-0.5014305710792542,"y":-0.30719631910324099,"z":0.1962881237268448,"w":-0.7849119901657105},"size":1.026292085647583,"orthographic":false}