{"cameraMode":{"drawMode":0,"name":"Shaded","section":"Shading Mode"},"sceneLighting":false,"audioPlay":false,"sceneViewState":{"showFog":true,"showMaterialUpdate":false,"showSkybox":false,"showFlares":true,"showImageEffects":true,"showParticleSystems":true},"in2DMode":false,"pivot":{"x":2.0475058555603029,"y":-4.642210006713867,"z":1.8988431692123414},"rotation":{"x":-0.3311920166015625,"y":-0.3698957860469818,"z":0.14301583170890809,"w":-0.8564115762710571},"size":10.0,"orthographic":false}