{"cameraMode":{"drawMode":0,"name":"Shaded","section":"Shading Mode"},"sceneLighting":false,"audioPlay":false,"sceneViewState":{"showFog":true,"showMaterialUpdate":false,"showSkybox":false,"showFlares":true,"showImageEffects":true,"showParticleSystems":true},"in2DMode":false,"pivot":{"x":0.5488070845603943,"y":0.5192059874534607,"z":1.8292205333709717},"rotation":{"x":0.22924938797950746,"y":-0.6701565384864807,"z":0.23022180795669557,"w":0.667346715927124},"size":2.0535895824432375,"orthographic":false}