{"cameraMode":{"drawMode":0,"name":"Shaded","section":"Shading Mode"},"sceneLighting":false,"audioPlay":false,"sceneViewState":{"showFog":true,"showMaterialUpdate":false,"showSkybox":false,"showFlares":true,"showImageEffects":true,"showParticleSystems":true},"in2DMode":false,"pivot":{"x":-0.49065467715263369,"y":-0.04327541962265968,"z":-1.1419398784637452},"rotation":{"x":-0.25550970435142519,"y":-0.028053469955921174,"z":0.006728274282068014,"w":-0.9669649004936218},"size":0.8660253882408142,"orthographic":false}