{"cameraMode":{"drawMode":0,"name":"Shaded","section":"Shading Mode"},"sceneLighting":false,"audioPlay":false,"sceneViewState":{"showFog":true,"showMaterialUpdate":false,"showSkybox":false,"showFlares":true,"showImageEffects":true,"showParticleSystems":true},"in2DMode":false,"pivot":{"x":-0.48648735880851748,"y":1.943354845046997,"z":-3.6801745891571047},"rotation":{"x":0.2886350452899933,"y":0.031261369585990909,"z":-0.009066609665751458,"w":0.9573546648025513},"size":0.2660253643989563,"orthographic":false}