{"cameraMode":{"drawMode":0,"name":"Shaded","section":"Shading Mode"},"sceneLighting":false,"audioPlay":false,"sceneViewState":{"showFog":true,"showMaterialUpdate":false,"showSkybox":false,"showFlares":true,"showImageEffects":true,"showParticleSystems":true},"in2DMode":false,"pivot":{"x":4.6103315353393559,"y":0.7844589948654175,"z":-4.3782572746276859},"rotation":{"x":0.34244173765182497,"y":0.04584416374564171,"z":-0.017809908837080003,"w":0.9388097524642944},"size":0.8660253882408142,"orthographic":false}