{"cameraMode":{"drawMode":0,"name":"Shaded","section":"Shading Mode"},"sceneLighting":false,"audioPlay":false,"sceneViewState":{"showFog":true,"showMaterialUpdate":false,"showSkybox":false,"showFlares":true,"showImageEffects":true,"showParticleSystems":true},"in2DMode":false,"pivot":{"x":1.1188997030258179,"y":0.9178237915039063,"z":5.99853515625},"rotation":{"x":0.0599634051322937,"y":0.004491887520998716,"z":-0.00026983715360984206,"w":0.9981904625892639},"size":1.1461200714111329,"orthographic":true}