{"cameraMode":{"drawMode":0,"name":"Shaded","section":"Shading Mode"},"sceneLighting":false,"audioPlay":false,"sceneViewState":{"showFog":true,"showMaterialUpdate":false,"showSkybox":false,"showFlares":true,"showImageEffects":true,"showParticleSystems":true},"in2DMode":false,"pivot":{"x":1.048031210899353,"y":1.0660948753356934,"z":-0.9725387096405029},"rotation":{"x":-0.34385520219802859,"y":0.002535527106374502,"z":-0.0009022398153319955,"w":-0.9390684366226196},"size":0.7262920141220093,"orthographic":false}