{"cameraMode":{"drawMode":0,"name":"Shaded","section":"Shading Mode"},"sceneLighting":false,"audioPlay":false,"sceneViewState":{"showFog":true,"showMaterialUpdate":false,"showSkybox":false,"showFlares":true,"showImageEffects":true,"showParticleSystems":true},"in2DMode":false,"pivot":{"x":-0.4932034909725189,"y":19.385408401489259,"z":21.878128051757814},"rotation":{"x":0.05394507944583893,"y":0.03609083220362663,"z":-0.00231752498075366,"w":0.9983222484588623},"size":1.7513560056686402,"orthographic":false}