{"cameraMode":{"drawMode":0,"name":"Shaded","section":"Shading Mode"},"sceneLighting":false,"audioPlay":false,"sceneViewState":{"showFog":true,"showMaterialUpdate":false,"showSkybox":false,"showFlares":true,"showImageEffects":true,"showParticleSystems":true},"in2DMode":false,"pivot":{"x":2.197974443435669,"y":0.9251323342323303,"z":4.032468318939209},"rotation":{"x":-0.37874338030815127,"y":-0.031997717916965488,"z":0.012162042781710625,"w":-0.925163745880127},"size":0.7071067690849304,"orthographic":false}