{"cameraMode":{"drawMode":0,"name":"Shaded","section":"Shading Mode"},"sceneLighting":false,"audioPlay":false,"sceneViewState":{"showFog":true,"showMaterialUpdate":false,"showSkybox":false,"showFlares":true,"showImageEffects":true,"showParticleSystems":true},"in2DMode":false,"pivot":{"x":0.7652367353439331,"y":1.1212289333343506,"z":4.302317142486572},"rotation":{"x":0.30450958013534548,"y":0.00816598255187273,"z":-0.018647808581590654,"w":0.953484296798706},"size":2.5071065425872804,"orthographic":false}