{"cameraMode":{"drawMode":0,"name":"Shaded","section":"Shading Mode"},"sceneLighting":true,"audioPlay":false,"sceneViewState":{"showFog":true,"showMaterialUpdate":false,"showSkybox":true,"showFlares":true,"showImageEffects":true,"showParticleSystems":true},"in2DMode":false,"pivot":{"x":31.00664710998535,"y":-197.04519653320313,"z":315.574462890625},"rotation":{"x":0.2765762209892273,"y":0.04352468252182007,"z":-0.012852735817432404,"w":0.9600778818130493},"size":196.31451416015626,"orthographic":false}