{"cameraMode":{"drawMode":0,"name":"Shaded","section":"Shading Mode"},"sceneLighting":false,"audioPlay":false,"sceneViewState":{"showFog":true,"showMaterialUpdate":false,"showSkybox":false,"showFlares":true,"showImageEffects":true,"showParticleSystems":true},"in2DMode":false,"pivot":{"x":2.8887245655059816,"y":3.035198211669922,"z":0.4161115288734436},"rotation":{"x":0.22836869955062867,"y":-0.7265290021896362,"z":0.2850154638290405,"w":0.5823068618774414},"size":0.8660253882408142,"orthographic":false}