{"cameraMode":{"drawMode":0,"name":"Shaded","section":"Shading Mode"},"sceneLighting":false,"audioPlay":false,"sceneViewState":{"showFog":true,"showMaterialUpdate":false,"showSkybox":false,"showFlares":true,"showImageEffects":true,"showParticleSystems":true},"in2DMode":false,"pivot":{"x":-0.011759798973798752,"y":0.6269899606704712,"z":8.499192237854004},"rotation":{"x":0.24580512940883637,"y":0.004061508923768997,"z":-0.0006781916599720717,"w":0.9693381786346436},"size":10.0,"orthographic":false}