{"cameraMode":{"drawMode":0,"name":"Shaded","section":"Shading Mode"},"sceneLighting":false,"audioPlay":false,"sceneViewState":{"showFog":true,"showMaterialUpdate":false,"showSkybox":false,"showFlares":true,"showImageEffects":true,"showParticleSystems":true},"in2DMode":false,"pivot":{"x":1.0621798038482667,"y":0.06508699059486389,"z":-2.9742696285247804},"rotation":{"x":0.43777206540107729,"y":-0.005728455726057291,"z":0.0024535690899938347,"w":0.8993584513664246},"size":1.9467449188232422,"orthographic":false}