{"cameraMode":{"drawMode":0,"name":"Shaded","section":"Shading Mode"},"sceneLighting":false,"audioPlay":false,"sceneViewState":{"showFog":true,"showMaterialUpdate":false,"showSkybox":false,"showFlares":true,"showImageEffects":true,"showParticleSystems":true},"in2DMode":false,"pivot":{"x":3.291684627532959,"y":-13.054734230041504,"z":11.116734504699707},"rotation":{"x":0.3822171092033386,"y":0.1252625286579132,"z":-0.052686434239149097,"w":0.9143151044845581},"size":10.0,"orthographic":false}