{"cameraMode":{"drawMode":0,"name":"Shaded","section":"Shading Mode"},"sceneLighting":false,"audioPlay":false,"sceneViewState":{"showFog":true,"showMaterialUpdate":false,"showSkybox":false,"showFlares":true,"showImageEffects":true,"showParticleSystems":true},"in2DMode":false,"pivot":{"x":4.910894393920898,"y":0.449640691280365,"z":4.457745552062988},"rotation":{"x":-0.12319749593734741,"y":-0.3058174252510071,"z":0.04009357839822769,"w":-0.9433314800262451},"size":0.7071067690849304,"orthographic":false}