{"cameraMode":{"drawMode":0,"name":"Shaded","section":"Shading Mode"},"sceneLighting":false,"audioPlay":false,"sceneViewState":{"showFog":true,"showMaterialUpdate":false,"showSkybox":false,"showFlares":true,"showImageEffects":true,"showParticleSystems":true},"in2DMode":false,"pivot":{"x":-0.1596657633781433,"y":0.13134625554084779,"z":-0.4912804067134857},"rotation":{"x":0.43312713503837588,"y":-0.05103255808353424,"z":0.008257719688117504,"w":0.9011033177375794},"size":0.7071067690849304,"orthographic":false}