{"cameraMode":{"drawMode":0,"name":"Shaded","section":"Shading Mode"},"sceneLighting":false,"audioPlay":false,"sceneViewState":{"showFog":true,"showMaterialUpdate":false,"showSkybox":false,"showFlares":true,"showImageEffects":true,"showParticleSystems":true},"in2DMode":false,"pivot":{"x":0.695839524269104,"y":2.3768162727355959,"z":2.9418725967407228},"rotation":{"x":-0.44312262535095217,"y":-0.009148998185992241,"z":0.004534777719527483,"w":-0.8966471552848816},"size":0.7262920141220093,"orthographic":false}