{"cameraMode":{"drawMode":0,"name":"Shaded","section":"Shading Mode"},"sceneLighting":false,"audioPlay":false,"sceneViewState":{"showFog":true,"showMaterialUpdate":false,"showSkybox":false,"showFlares":true,"showImageEffects":true,"showParticleSystems":true},"in2DMode":false,"pivot":{"x":1.593946099281311,"y":2.0427467823028566,"z":-2.2554845809936525},"rotation":{"x":0.16373106837272645,"y":-0.6668845415115356,"z":0.15429294109344483,"w":0.7110225558280945},"size":0.033974647521972659,"orthographic":false}