{"cameraMode":{"drawMode":0,"name":"Shaded","section":"Shading Mode"},"sceneLighting":false,"audioPlay":false,"sceneViewState":{"showFog":true,"showMaterialUpdate":false,"showSkybox":false,"showFlares":true,"showImageEffects":true,"showParticleSystems":true},"in2DMode":false,"pivot":{"x":1.4276301860809327,"y":2.3421170711517336,"z":-7.394782543182373},"rotation":{"x":-0.4255220293998718,"y":-0.12397854775190354,"z":0.058924365788698199,"w":-0.8945572972297669},"size":0.7681980133056641,"orthographic":false}