{"cameraMode":{"drawMode":0,"name":"Shaded","section":"Shading Mode"},"sceneLighting":false,"audioPlay":false,"sceneViewState":{"showFog":true,"showMaterialUpdate":false,"showSkybox":false,"showFlares":true,"showImageEffects":true,"showParticleSystems":true},"in2DMode":false,"pivot":{"x":-0.45899084210395815,"y":1.2584962844848633,"z":1.834597110748291},"rotation":{"x":-0.26103323698043826,"y":0.108909010887146,"z":-0.029636938124895097,"w":-0.9587836265563965},"size":1.453589677810669,"orthographic":false}