{"cameraMode":{"drawMode":0,"name":"Shaded","section":"Shading Mode"},"sceneLighting":false,"audioPlay":false,"sceneViewState":{"showFog":true,"showMaterialUpdate":false,"showSkybox":false,"showFlares":true,"showImageEffects":true,"showParticleSystems":true},"in2DMode":false,"pivot":{"x":0.15073910355567933,"y":0.32531699538230898,"z":-0.6036542654037476},"rotation":{"x":0.2856677174568176,"y":0.0188083928078413,"z":-0.020846184343099595,"w":0.9590967893600464},"size":0.7071067690849304,"orthographic":false}