{"cameraMode":{"drawMode":0,"name":"Shaded","section":"Shading Mode"},"sceneLighting":false,"audioPlay":false,"sceneViewState":{"showFog":true,"showMaterialUpdate":false,"showSkybox":false,"showFlares":true,"showImageEffects":true,"showParticleSystems":true},"in2DMode":false,"pivot":{"x":-0.6223092079162598,"y":0.6974988579750061,"z":0.12147016078233719},"rotation":{"x":-0.029927736148238183,"y":-0.9551246166229248,"z":0.278545081615448,"w":-0.1008891835808754},"size":2.36602520942688,"orthographic":false}