{"cameraMode":{"drawMode":0,"name":"Shaded","section":"Shading Mode"},"sceneLighting":false,"audioPlay":false,"sceneViewState":{"showFog":true,"showMaterialUpdate":false,"showSkybox":false,"showFlares":true,"showImageEffects":true,"showParticleSystems":true},"in2DMode":false,"pivot":{"x":2.4154598712921144,"y":7.702596664428711,"z":-3.237696409225464},"rotation":{"x":0.5768150091171265,"y":0.11901157349348068,"z":-0.08544532209634781,"w":0.8037192225456238},"size":0.7262918949127197,"orthographic":false}