{"cameraMode":{"drawMode":0,"name":"Shaded","section":"Shading Mode"},"sceneLighting":false,"audioPlay":false,"sceneViewState":{"showFog":true,"showMaterialUpdate":false,"showSkybox":false,"showFlares":true,"showImageEffects":true,"showParticleSystems":true},"in2DMode":false,"pivot":{"x":1.9079647064208985,"y":0.8807543516159058,"z":3.9639949798583986},"rotation":{"x":-0.3969011902809143,"y":0.10558730363845825,"z":-0.04695875570178032,"w":-0.9108577966690064},"size":0.7071067690849304,"orthographic":false}