{"cameraMode":{"drawMode":0,"name":"Shaded","section":"Shading Mode"},"sceneLighting":false,"audioPlay":false,"sceneViewState":{"showFog":true,"showMaterialUpdate":false,"showSkybox":false,"showFlares":true,"showImageEffects":true,"showParticleSystems":true},"in2DMode":false,"pivot":{"x":4.528408050537109,"y":2.217005729675293,"z":1.8344950675964356},"rotation":{"x":0.2565152645111084,"y":0.17709895968437196,"z":-0.047871507704257968,"w":0.9489696621894836},"size":0.6752869486808777,"orthographic":true}