{"cameraMode":{"drawMode":0,"name":"Shaded","section":"Shading Mode"},"sceneLighting":false,"audioPlay":false,"sceneViewState":{"showFog":true,"showMaterialUpdate":false,"showSkybox":false,"showFlares":true,"showImageEffects":true,"showParticleSystems":true},"in2DMode":false,"pivot":{"x":-0.44798606634140017,"y":1.0042661428451539,"z":-2.6593005657196047},"rotation":{"x":0.4926534593105316,"y":0.08813154697418213,"z":-0.05028918758034706,"w":0.8648314476013184},"size":1.7660253047943116,"orthographic":false}