{"cameraMode":{"drawMode":0,"name":"Shaded","section":"Shading Mode"},"sceneLighting":false,"audioPlay":false,"sceneViewState":{"showFog":true,"showMaterialUpdate":false,"showSkybox":false,"showFlares":true,"showImageEffects":true,"showParticleSystems":true},"in2DMode":false,"pivot":{"x":-2.550525188446045,"y":0.873765230178833,"z":0.5794637203216553},"rotation":{"x":0.09141497313976288,"y":0.7376883029937744,"z":-0.10130470991134644,"w":0.6619195342063904},"size":0.033974647521972659,"orthographic":false}