{"cameraMode":{"drawMode":0,"name":"Shaded","section":"Shading Mode"},"sceneLighting":false,"audioPlay":false,"sceneViewState":{"showFog":true,"showMaterialUpdate":false,"showSkybox":false,"showFlares":true,"showImageEffects":true,"showParticleSystems":true},"in2DMode":false,"pivot":{"x":-0.5322765111923218,"y":2.442164182662964,"z":-1.400539517402649},"rotation":{"x":-0.3016347289085388,"y":-0.02483583427965641,"z":0.007166643161326647,"w":-0.9536706209182739},"size":0.8660253882408142,"orthographic":false}