{"cameraMode":{"drawMode":0,"name":"Shaded","section":"Shading Mode"},"sceneLighting":false,"audioPlay":false,"sceneViewState":{"showFog":true,"showMaterialUpdate":false,"showSkybox":false,"showFlares":true,"showImageEffects":true,"showParticleSystems":true},"in2DMode":false,"pivot":{"x":1.881678819656372,"y":19.160808563232423,"z":19.4493350982666},"rotation":{"x":0.1412036418914795,"y":0.3704976439476013,"z":-0.057511840015649798,"w":0.9167064428329468},"size":1.1684069633483887,"orthographic":false}