{"cameraMode":{"drawMode":0,"name":"Shaded","section":"Shading Mode"},"sceneLighting":false,"audioPlay":false,"sceneViewState":{"showFog":true,"showMaterialUpdate":false,"showSkybox":false,"showFlares":true,"showImageEffects":true,"showParticleSystems":true},"in2DMode":false,"pivot":{"x":0.033267825841903689,"y":9.786334991455079,"z":2.6597299575805666},"rotation":{"x":0.514606237411499,"y":-0.027166545391082765,"z":0.016708776354789735,"w":0.8568732738494873},"size":2.4247448444366457,"orthographic":false}