{"cameraMode":{"drawMode":0,"name":"Shaded","section":"Shading Mode"},"sceneLighting":false,"audioPlay":false,"sceneViewState":{"showFog":true,"showMaterialUpdate":false,"showSkybox":false,"showFlares":true,"showImageEffects":true,"showParticleSystems":true},"in2DMode":false,"pivot":{"x":0.2572213113307953,"y":-1.620521068572998,"z":0.8779874444007874},"rotation":{"x":0.35059764981269839,"y":-0.5947904586791992,"z":0.3232085704803467,"w":0.6478914022445679},"size":2.36602520942688,"orthographic":false}