{"cameraMode":{"drawMode":0,"name":"Shaded","section":"Shading Mode"},"sceneLighting":false,"audioPlay":false,"sceneViewState":{"showFog":true,"showMaterialUpdate":false,"showSkybox":false,"showFlares":true,"showImageEffects":true,"showParticleSystems":true},"in2DMode":false,"pivot":{"x":2.0547525882720949,"y":3.7825510501861574,"z":1.579856276512146},"rotation":{"x":0.38518738746643069,"y":-0.1875973343849182,"z":0.0802893340587616,"w":0.8999971747398377},"size":1.6921464204788209,"orthographic":true}