{"cameraMode":{"drawMode":0,"name":"Shaded","section":"Shading Mode"},"sceneLighting":true,"audioPlay":false,"sceneViewState":{"m_AlwaysRefresh":false,"showFog":true,"showSkybox":true,"showFlares":true,"showImageEffects":true,"showParticleSystems":true,"showVisualEffectGraphs":true,"m_FxEnabled":true},"in2DMode":false,"pivot":{"x":10.204750061035157,"y":-3.1244547367095949,"z":-5.979586601257324},"rotation":{"x":0.35203346610069277,"y":0.5554484128952026,"z":-0.31346967816352847,"w":0.6853275299072266},"size":3.1038668155670168,"orthographic":false}