{"cameraMode":{"drawMode":0,"name":"Shaded","section":"Shading Mode"},"sceneLighting":true,"audioPlay":false,"sceneViewState":{"m_AlwaysRefresh":false,"showFog":true,"showSkybox":true,"showFlares":true,"showImageEffects":true,"showParticleSystems":true,"showVisualEffectGraphs":true,"m_FxEnabled":true},"in2DMode":false,"pivot":{"x":2.2040319442749025,"y":-5.9434661865234379,"z":1.062050700187683},"rotation":{"x":0.4432207942008972,"y":-0.16477571427822114,"z":0.061074282974004748,"w":0.8792309165000916},"size":7.493569374084473,"orthographic":false}