{"cameraMode":{"drawMode":0,"name":"Shaded","section":"Shading Mode"},"sceneLighting":true,"audioPlay":false,"sceneViewState":{"m_AlwaysRefresh":false,"showFog":true,"showSkybox":true,"showFlares":true,"showImageEffects":true,"showParticleSystems":true,"showVisualEffectGraphs":true,"m_FxEnabled":true},"in2DMode":false,"pivot":{"x":5.819719314575195,"y":-2.8243460655212404,"z":-0.008445439860224724},"rotation":{"x":0.2543748915195465,"y":0.4172574281692505,"z":-0.13189946115016938,"w":0.8624415397644043},"size":7.785221576690674,"orthographic":false}