{"cameraMode":{"drawMode":0,"name":"Shaded","section":"Shading Mode"},"sceneLighting":true,"audioPlay":false,"sceneViewState":{"m_AlwaysRefresh":false,"showFog":true,"showSkybox":true,"showFlares":true,"showImageEffects":true,"showParticleSystems":true,"showVisualEffectGraphs":true,"m_FxEnabled":true},"in2DMode":false,"pivot":{"x":3.6078386306762697,"y":-2.7365736961364748,"z":0.7047608494758606},"rotation":{"x":-0.5286170244216919,"y":0.0002726776583585888,"z":0.007552254479378462,"w":-0.8491792678833008},"size":7.772183895111084,"orthographic":false}