{"cameraMode":{"drawMode":0,"name":"Shaded","section":"Shading Mode"},"sceneLighting":true,"audioPlay":false,"sceneViewState":{"m_AlwaysRefresh":false,"showFog":true,"showSkybox":true,"showFlares":true,"showImageEffects":true,"showParticleSystems":true,"showVisualEffectGraphs":true,"m_FxEnabled":true},"in2DMode":false,"pivot":{"x":0.43704190850257876,"y":-27.552122116088868,"z":26.259035110473634},"rotation":{"x":0.3735952377319336,"y":-0.012709589675068856,"z":-0.002996233757585287,"w":0.9275559186935425},"size":22.342098236083986,"orthographic":false}